店舗番号,店名,,店舗番号,店名,,店舗番号,店名,
102,杏季,,2206,獅門酒楼,,5204,翡翠楼,
104,旭酒楼,,2208,上海豫園,,5206,平田 マリエ,
106,青葉新,,2211,新京(月・木),,5210,百鶴楼,
107,愛郡,,2213,新雅,,5209,火鼓壱,
114,あかくろたんたん,,2214,白ひげ(金),,5216,ひじかた園,
123,青葉(ひきとり),,2216,春来,,,,
135,暁庵,,2217,昇龍,,5304,藤巻商店,
110,安記,,2219,聚楽,,5306,不二家 (神戸アンパンマン),
,,,2226,新楽,,5310,福仙楼,
201,一楽,,2231,"重慶飯店
(本店・茶楼)",,5312,福新楼,
202,池田牛肉店,,,,,5314,婦女会,
205,伊勢佐木龍風,,2233,"ローズホテル
(ミニーラ、1F、3F、10F)",,5330,福龍酒家,
211,壱参陸,,,,,5337,富筵,
215,一品閣,,2243,重慶　麻布,,5338,福楼,
217,イチバン貿易,,2251,清和楼,,5343,福鼓楼,
222,いけの飯店,,2262,順海閣本館,,5346,フレッシュミート協和,
224,一文無(日),,2269,馨香園(月・木),,5345,ファースト,
236,一石屋,,2274,新華,,5513,フェンロン(豊龍),
242,今半,,2296,上海菜館(二俣川),,5326,福臨門 (月・木),
3408,いり豆に華(天昭園),,2298,小味園,,5309,福臨閣,
,,,3123,小紅託児所,,5332,福臨閣 市場通り,
302,宇田川,,2210,宍戸,,5333,富泰楼,
303,うらふね,,2220,謝朋酒楼,,7541,富泰楼麺房,
305,上野町中華そば,,2234,ジェンツライフ,,5335,福満園,
315,聞香,,2224,シャンプー,,,,
,,,2202,柴ふく,,5406,聘華楼,
401,栄楼,,2215,澤園　セントラルキッチン,,7103,北京飯店(大和),
435,栄華飯店,,2218,秀味園,,5113,北京館,
,,,2236,新橋バル,,,,
511,オレンジハート,,2205,昭和建設,,5506,鳳華飯店,
8212,王家餃子,,,,,5510,保昌,
521,大崎ゴルフ,,2306,翠香園,,5517,香港グルメ,
,,,2309,すみれ,,5530,鳳林,
1101,かねい,,2315,翠葉2000,,5562,HOT 春250,
1103,雷軒(荒井),,2320,翠葉どんどん,,5564,棒棒,
1105,克,,2319,反町 翠香園,,5567,鳳城(六浦)(火),
1107,海龍,,2322,酔園,,5568,邦栄商事,
1109,カジワラ,,2305,酔来軒,,5507,程ヶ谷カントリー,
1115,海南飯店,,,,,5515,ほか弁,
1123,カントナ,,2408,漸,,,,
1119,華正楼(工場),,2410,清香園　山下町,,6102,丸勝,
1132,広東飯店,,7102,盛華楼(山形),,6108,万珍食品,
1136,開華楼,,2426,接筵(広島),,6118,萬珍楼(点心舗),
1142,開華楼大世界,,1173,接筵(福屋八丁堀),,6122,萬珍楼(本店),
1143,岳,,2422,絶景,,6112,マルマン,
1161,海王(熱海),,2427,センターグリル,,6114,萬福,
1162,華洋苑,,,,,6121,萬福(個人),
1144,金沢飯店,,2509,そら野テラス,,6119,馬さん 龍仙 上海,
1137,華正樓 (新横浜),,,,,6125,前潟,
1139,華蘭,,3101,全(大珍食品),,6146,万葉会館 月締,
1102,川島物産,,3114,大珍楼　新館,,7560,麻花王,
1120,かごや,,3102,竹美,,6137,満腹亭,
1140,神田ばる,,3103,台莉,,6110,萬珍そごう,
1124,かるあ,,3106,大安,,6138,蒔田飯店,
1164,カタクチ商店,,3128,龍巳飯店(引取り),,6105,まんまる商店,
1146,金沢臨海サービス,,3113,玉家,,,,
,,,3116,大三元,,3301,みなみつけめん,
1201,吉兆,,3126,大新園,,3521,みなみ(富岡),
1207,菊華(本店)(個人),,3130,台湾九份,,6206,ミクリード,
1209,許厨房,,3158,大来,,6224,味雅,
1210,協和(社員),,3135,田中 みゆき,,6209,宮崎餃子,
1250,協和(卸),,3107,大陸,,6215,味香閣,
1206,協和(現金),,3132,台湾菜館,,6210,水嶋,
1212,きりん楼(横須賀),,3129,台湾黄金鶏排,,,,
1215,金香楼,,3133,大龍,,6301,村上 裕紀,
1219,京華園,, ,,,,,
1255,京華楼,,3201,中留本店,,5218,メゾンド 0,
1220,京華楼別館,,3204,陳記,,6402,めめ(火・金),
1230,京華楼 鶴野町,,3207,青海量,,6407,名鉄菜館,
1221,北村,,3208,チェックメイト,,6408,名鉄菜館(運賃),
1237,金福隆,,3213,長安 ミーハーA・5枚,,6432,明泰行,
1240,キャメロットジャパン,,3215,チャイナ飯店,,,,
1245,喜臨門,,3266,長城飯店,,6502,桃太郎,
1254,錦珍楼(点心舗),,3210,青海星　新館,,6510,百鶴源,
1214,kiki,,3222,絶好食品,,6511,木燕,
1216,喜喜美食,,3224,張　記　新館,,6508,茂園,
2235,久華(上海),,3202,中留本社,,,,
1225,極　桜木町,,3670,紬茶ん,,7108,大和家,
1228,極　鍋場,,3211,中華堂,,7101,八十八,
1222,金龍酒家,,,,,7105,山野生花,
1257,金瑞園,,3428,天龍(仲見世),,7106,やすらぎ,
1217,共祭,,3165,デジタルフオルン,,,,
,,,3413,天華,,7205,有天楼,
1306,弘明寺食堂,,3415,天華　桜木町,,7203,祐祐,
1312,"クックピット
送り 1670・1995",,3416,天龍(銀座街),,7201,ゆげ (株)ノックス,
,,,,,,,,
,,,3509,東方紅,,7501,耀盛号,
1403,源豊行,,3510,東林,,7511,横浜飯店(桜木町),
1406,元宝楼,,3511,東園,,7517,横浜大飯店 点心,
1409,慶福楼　市場通り,,3517,寅吉,,7519,横浜大飯店,
1413,恵元,,3519,桃林,,7523,楊貴妃,
1417,景珍楼(山下町),,3520,中華みなみ(どさんこ),,7526,横浜大世界,
1418,景珍楼(杉田),,3522,東栄楼,,7527,横浜博覧館,
1424,景珍楼(新館),,3525,桃李,,7509,揚州酒家,
1411,げんや,,3573,鳥鎌,,7532,横浜植木 山頂公園,
1415,健利食光,,3574,東光,,7544,横浜植木 市民公園,
,,,3581,徳恩寺,,,,
1501,公生和,,3528,とん太,,8101,楽園(包子),
1504,好記,,3516,徳永商店,,8111,楽園 (麺),
1505,好記園,,,,,8108,ランチBOX,
1506,香満園,,4101,難波学園,,8116,来富市場 小7,
1511,鴻,,4106,中区女性団体協議会,,8119,ラブリー,
1512,香蘭(二俣川),,4107,ながさき家,,,,
1527,光龍飯店,,,,,8209,龍仙,
1532,香蘭(山下町),,4202,日華楼,,8214,龍公亭(神楽坂),
1540,興昌,,4203,日本アイボリー,,8215,龍興楼(引取り),
1544,興口福,,4204,日新興産(個人),,8219,龍味,
1554,興旺,,4206,ニイハオ,,8226,隆泰商行,
2503,悟空,,4212,西潟食品,,8229,龍門(上永谷),
1534,虎視たんたん,,4216,"日本テレビ　福岡
(ライツライン)",,8231,利八屋,
1537,極茶,,,,,8232,李園,
,,,4217,二楽荘,,8236,龍翔飯店(高崎),
2102,三煕,,,,,8237,琉華,
2105,菜香(新館),,4402,ねいろ,,8241,リトルダーリン(駅前店),
2157,菜香(飲茶ファクトリー),,,,,,,
2150,菜香食品,,1305,ばかうま,,8407,連香園,連香園
2113,佐野金,,5101,百里香(パイリンシャン),,,,
2124,サイトウミート,,5101,百里香(パイリンシャン),,8510,六福,
2160,三共,,5119,はしご(赤坂),,8512,"ロマンドー
(名古屋アンパンマン)",
2169,三和楼,,5115,はしご(入船),,,,
2151,三陽,,5116,はしご4丁目,,,,
2162,サンプル,,5123,はしご6丁目,,9101,ワンちゃん,
,,,5117,はしご8丁目,,9105,渡辺精肉,
,,,5102,はしご新小岩,,,,
,,,5133,梅林閣,,9901,工場売,
,,,5136,八角,,9902,社内,
,,,5137,梅香園(月・金),,9903,社内ロス,
,,,5122,速飯,,9904,お得意様 個人,
,,,5125,八丁幸,,9905,諸口 三共他,
,,,5107,八仙,,9907,お得意様 直売,
,,,5130,花景の湯,,9908,工場直売,
,,,,,,9980,好 1号,
,,,,,,9981,好 ネット,
,,,,,,9983,好 3号,
,,,,,,9984,好 4号,
,,,,,,9909,,
,,,,,,,,
,,,,,,,,
,,,,,,,,
,,,,,,,,
,,,,,,,,
,,,,,,,,
,,,,,,,,
,,,,,,,,
1237,金福隆,,,,,,,
13201,中質本店,,,,,,,
3204,陳記,,,,,,,
3207,青海量,,,,,,,
3208,チェックメイト,,,,,,,
3213,長安 5枚,,,,,,,
3215,チャイナ飯店,,,,,,,
2306,翠香園,,,,,,,
3266,長城飯店,,,,,,,
,,,,,,,,
,,,,,,,,
,,,,,,,,
,,,,,,,,
,,,,,,,,
,,,,,,,,
,,,,,,,,
2226,新,,,,,,,
3509,東方紅,,,,,,,
1403,源銀行,,,,,,,
1406,元宝 (本店・茶楼),,,,,,,
2509,そら野テラス,,,,,,,
1409,慶福楼市場通り,,,,,,,
1161,海王(熱海) (7-4),,,,,,,
,,,,,,,,
,,,,,,,,
,,,,,,,,
,,,,,,,,
,,,,,,,,
,,,,,,,,
,,,,,,,,
,,,,,,,,
,,,,,,,,
,,,,,,,,
,,,,,,,,
,,,,,,,,
,,,,,,,,
,,,,,,,,
,,,,,,,,
,,,,,,,,
,,,,,,,,
,,,,,,,,
,,,,,,,,
,,,,,,,,
,,,,,,,,
,,,,,,,,
,,,,,,,,
,,,,,,,,
,,,,,,,,
,,,,,,,,
2296,上海菜館(二 川),,,,,,,
2298,小味,,,,,,,
3123,小紅託児所,,,,,,,
1504,興華菜館,,,,,,,
2220,謝朋酒楼,,,,,,,
2234,ジェンツライブ,,,,,,,
2224,シャンプー,,,,,,,
2202,ふく,,,,,,,
2215,セントラルキッチン,,,,,,,
2218,秀味園,,,,,,,
2236,新橋バル,,,,,,,
2205,昭和建設,,,,,,,
4202,日華楼,,,,,,,
4203,,,,,,,,
4206,ニイハオ,,,,,,,
4212,西潟食品,,,,,,,
4204,日新興産(個人),,,,,,,
4216,日本テレビ 福岡 (ライツイン),,,,,,,
4217,二楽荘,,,,,,,
2309,すみれ,,,,,,,
2315,翠葉2000,,,,,,,
2320,翠葉どんどん,,,,,,,
2319,反町 翠香園,,,,,,,
2322,,,,,,,,
2305,来軒,,,,,,,
2206,關門酒樓,,,,,,,
2208,上海豫園,,,,,,,
2211,新京 月 木),,,,,,,
2426,(広島),,,,,,,
1173,( 屋八丁堀),,,,,,,
2422,絶景,,,,,,,
2427,センターグリル,,,,,,,
5102,はしご新小岩,,,,,,,
5133,梅林閣,,,,,,,
5136,八角,,,,,,,
5137,梅香園(月・金】,,,,,,,
3517,寅吉,,,,,,,
3519,桃林,,,,,,,
3520,中華みなみ(どさんこ),,,,,,,
3522,東栄楼,,,,,,,
3525,桃季,,,,,,,
3573,鳥,,,,,,,
3574,東光,,,,,,,
3101,全(大珍食品),,,,,,,
3114,大珍楼 新館,,,,,,,
3102,竹美,,,,,,,
3103,台莉,,,,,,,
3106,大安,,,,,,,
3128,巳飯店(引取り),,,,,,,
3113,玉家,,,,,,,
3116,大三元,,,,,,,
3126,大新,,,,,,,
3130,台灣九份,,,,,,,
3158,大來,,,,,,,
3135,田中 みゆき,,,,,,,
3107,大陸,,,,,,,
3132,台灣菜館,,,,,,,
3129,台湾黄金鍋排,,,,,,,
3133,大龍,,,,,,,
5310,福仙楼,,,,,,,
5312,福新楼,,,,,,,
5314,婦女会,,,,,,,
5330,福龍酒家,,,,,,,
5337,富,,,,,,,
5338,福楼,,,,,,,
5343,福鼓楼,,,,,,,
5345,ファースト,,,,,,,
5309,福臨閣,,,,,,,
5332,福臨閣 市場通り,,,,,,,
5333,富泰楼,,,,,,,
3222,頂好食品,,,,,,,
3224,張記新館,,,,,,,
3202,中質本社,,,,,,,
3211,中華堂,,,,,,,
3301,みなみつけめん,,,,,,,
3521,みなみ(富岡),,,,,,,
240,,,,,,,,
2410,清香園 山下町,,,,,,,
7102,盛華楼(山形),,,,,,,
3413,天華,,,,,,,
3415,天華 桜木町,,,,,,,
3416,天龍( 街),,,,,,,
5123,はしご6丁目,,,,,,,
5117,はしご8丁目,,,,,,,
5568,邦栄商事,,,,,,,
5507,程ヶ谷カントリー,,,,,,,
6502,桃太郎,,,,,,,
6510,百 源,,,,,,,
6511,木燕,,,,,,,
6508,茂園,,,,,,,
5122,連飯,,,,,,,
5125,八丁幸,,,,,,,
5107,八仙,,,,,,,
5130,花景の湯,,,,,,,
6102,丸勝,,,,,,,
6108,万珍食品,,,,,,,
6118,萬珍楼(点心舗),,,,,,,
6122,萬珍楼(本店),,,,,,,
6112,マルマン,,,,,,,
6114,萬福,,,,,,,
6121,萬福(個人),,,,,,,
5209,火鼓态,,,,,,,
5216,ひじかた園,,,,,,,
6125,前潟,,,,,,,
6146,万葉会館 月,,,,,,,
4101,難波学園,,,,,,,
4106,中区女性団体協議会(名古屋アンパンマン),,,,,,,
4107,ながさき家,,,,,,,
6110,萬珍そごう),,,,,,,
6138,蒔田飯店,,,,,,,
5304,藤巻商店,,,,,,,
5306,不二家(神戸アンバン),,,,,,,
6105,まんまる商店,,,,,,,
6224,味雅,,,,,,,
5513,フェンロン(豊龍),,,,,,,
6209,宮崎餃子,,,,,,,
6210,水嶋,,,,,,,
4402,ねいろ,,,,,,,
8101,楽園(包子),,,,,,,
8111,楽園(麵),,,,,,,
7541,富泰楼房,,,,,,,
8108,ランチBOX,,,,,,,
5335,福満園,,,,,,,
6301,村上 裕紀,,,,,,,
3670,釉茶ん,,,,,,,
8116,来富市場 小学,,,,,,,
8119,ラブリー,,,,,,,
9909,,,,,,,,
7517,横浜大飯店 点心,,,,,,,
7519,横浜大飯店,,,,,,,
7523,楊貴妃,,,,,,,
7526,横浜大世界,,,,,,,
7527,横浜博覧館,,,,,,,
7509,揚州酒家,,,,,,,
7532,横浜植木 山頂公園,,,,,,,
7544,横浜植木 市民公園,,,,,,,
5346,フレッシュミート協和,,,,,,,
5326,福臨門(月・木),,,,,,,
5101,百里香(ポイリンフォン),,,,,,,
5510,保2165,,,,,,,
1305,ばかうま,,,,,,,
5506,鳳華飯店,,,,,,,
5238,メゾンド 0,,,,,,,
8209,,,,,,,,
6402,めめ(火・金),,,,,,,
8214,龍公亭(神楽坂),,,,,,,
5119,はしご(赤坂),,,,,,,
5517,香港グルメ,,,,,,,
6407,名鉄菜館,,,,,,,
8215,龍興楼(引取り),,,,,,,
5115,はしご(入船),,,,,,,
5530,鳳林,,,,,,,
5116,はしご4丁目,,,,,,,
5562,HOT,,,,,,,
250,,,,,,,,
6408,名鉄菜館(通賃),,,,,,,
8219,,,,,,,,
6432,明泰行,,,,,,,
8226,隆泰商行,,,,,,,
8229,龍門(上永谷),,,,,,,
5564,,,,,,,,
5567,鳳城(六浦 〔火),,,,,,,
8231,利八屋,,,,,,,
8232,李,,,,,,,
9236,飯店(高崎),,,,,,,
8237,琉華,,,,,,,
8241,リトルダーリン(家店),,,,,,,
2243,重慶 麻布,,,,,,,
2251,清和楼,,,,,,,
2262,順海閣本館,,,,,,,
7101,八十八,,,,,,,
7105,山野生花,,,,,,,
7106,やすらぎ,,,,,,,
7108,大和家,,,,,,,
3581,徳恩寺,,,,,,,
5204,翡翠楼,,,,,,,
5206,平田 マリエ,,,,,,,
3528,とん太,,,,,,,
5210,百鵡楼,,,,,,,
3516,徳永商店,,,,,,,
7205,有大楼,,,,,,,
2210,宍戸,,,,,,,
6119,馬さん 仙上海園,,,,,,,
7203,祐祐,,,,,,,
7201,ゆげノックス,,,,,,,
9510,六福,,,,,,,
7560,麻花王,,,,,,,
8512,ロマンドー,,,,,,,
6137,満腹亭,,,,,,,
7501,盛号,,,,,,,
7511,横浜飯店(桜木町),,,,,,,
9904,お得意様個人,,,,,,,
9905,諸口 三共他,,,,,,,
9907,お得意様 直売,,,,,,,
9908,工場直売,,,,,,,
9980,好 1号,,,,,,,
9981,好 ネット,,,,,,,
9983,好3号,,,,,,,
9984,好 4号,,,,,,,
9101,ワンちゃん,,,,,,,
9105,渡辺精肉,,,,,,,
6206,ミクリード,,,,,,,
9901,工場売,,,,,,,
9902,社内,,,,,,,
9903,社内ロス,,,,,,,
6215,味香閣,,,,,,,
5406,聘華楼,,,,,,,
7103,北京飯店(大和),,,,,,,
5113,北京館,,,,,,,
7428,天龍(川崎),,,,,,,